{
  "input_file": "data/takahashi_eva.txt",
  "seed": 42,
  "permutations": 400,
  "target_word_distance": 13,
  "target_char_lags": [
    5,
    6
  ],
  "variants": {
    "alpha_split": {
      "counts": {
        "tokens": 37886,
        "chars": 191545
      },
      "word_profile": {
        "target_distance": 13,
        "target_observed": 0.008818947535183376,
        "target_rank": 3,
        "peak_lag": 2,
        "peak_value": 0.00931791785450322,
        "null_mean": 0.0031054445119214217,
        "null_sd": 0.0002782966062361199,
        "null_q025": 0.0025611913500382857,
        "null_q975": 0.00364375676603385,
        "p_value_ge": 0.0024937655860349127,
        "z_score": 20.530264815426282,
        "false_positive_rate_vs_null_max": 0.0024937655860349127
      },
      "char_profile": {
        "peak_lag": 6,
        "peak_value": 0.033325167426972085,
        "targets": {
          "5": {
            "observed": 0.020700604259950448,
            "null_mean": -2.3643938859186328e-05,
            "null_sd": 0.0005640161126708314,
            "null_q025": -0.0010911885770548552,
            "null_q975": 0.0009814855380124998,
            "p_value_ge": 0.0024937655860349127,
            "z_score": 36.74407119447778,
            "rank_in_char_profile": 2
          },
          "6": {
            "observed": 0.033325167426972085,
            "null_mean": -2.649985749738411e-05,
            "null_sd": 0.000605232266760814,
            "null_q025": -0.0012839722260489794,
            "null_q975": 0.001081081366169856,
            "p_value_ge": 0.0024937655860349127,
            "z_score": 55.10556709569807,
            "rank_in_char_profile": 1
          }
        },
        "false_positive_rate_vs_null_max": {
          "5": 0.0024937655860349127,
          "6": 0.0024937655860349127
        }
      }
    },
    "alpha_keep_dots": {
      "counts": {
        "tokens": 5205,
        "chars": 191545
      },
      "word_profile": {
        "target_distance": 13,
        "target_observed": 0.0005778120184899846,
        "target_rank": 10,
        "peak_lag": 4,
        "peak_value": 0.0015381657373582003,
        "null_mean": 3.129815100154083e-05,
        "null_sd": 7.496043775358632e-05,
        "null_q025": 0.0,
        "null_q975": 0.0001926040061633282,
        "p_value_ge": 0.0024937655860349127,
        "z_score": 7.2906973847320815,
        "false_positive_rate_vs_null_max": 0.017456359102244388
      },
      "char_profile": {
        "peak_lag": 6,
        "peak_value": 0.033325167426972085,
        "targets": {
          "5": {
            "observed": 0.020700604259950448,
            "null_mean": -1.5434165443711582e-05,
            "null_sd": 0.0005851751797359645,
            "null_q025": -0.0011225136266528324,
            "null_q975": 0.0011328899444028179,
            "p_value_ge": 0.0024937655860349127,
            "z_score": 35.40143044812905,
            "rank_in_char_profile": 2
          },
          "6": {
            "observed": 0.033325167426972085,
            "null_mean": -2.5259901143847504e-05,
            "null_sd": 0.0005911517841438172,
            "null_q025": -0.001226542668622016,
            "null_q975": 0.001060197890741868,
            "p_value_ge": 0.0024937655860349127,
            "z_score": 56.41601399616573,
            "rank_in_char_profile": 1
          }
        },
        "false_positive_rate_vs_null_max": {
          "5": 0.0024937655860349127,
          "6": 0.0024937655860349127
        }
      }
    },
    "alpha_collapse_runs": {
      "counts": {
        "tokens": 37886,
        "chars": 181484
      },
      "word_profile": {
        "target_distance": 13,
        "target_observed": 0.011063290470783936,
        "target_rank": 6,
        "peak_lag": 2,
        "peak_value": 0.012300707422658642,
        "null_mean": 0.004290985662609247,
        "null_sd": 0.00032054355409742,
        "null_q025": 0.0037229688696432815,
        "null_q975": 0.004911150423784754,
        "p_value_ge": 0.0024937655860349127,
        "z_score": 21.127565104979283,
        "false_positive_rate_vs_null_max": 0.0024937655860349127
      },
      "char_profile": {
        "peak_lag": 5,
        "peak_value": 0.030416215354003573,
        "targets": {
          "5": {
            "observed": 0.030416215354003573,
            "null_mean": 1.871757189105483e-05,
            "null_sd": 0.0005715662889143567,
            "null_q025": -0.0011576857585218342,
            "null_q975": 0.001024384894280972,
            "p_value_ge": 0.0024937655860349127,
            "z_score": 53.1828037651592,
            "rank_in_char_profile": 1
          },
          "6": {
            "observed": 0.022575629321436266,
            "null_mean": -7.1079800548131536e-06,
            "null_sd": 0.000626778853229964,
            "null_q025": -0.0012289089697064548,
            "null_q975": 0.0012672613649897663,
            "p_value_ge": 0.0024937655860349127,
            "z_score": 36.029832827186205,
            "rank_in_char_profile": 2
          }
        },
        "false_positive_rate_vs_null_max": {
          "5": 0.0024937655860349127,
          "6": 0.0024937655860349127
        }
      }
    },
    "alpha_min_len_2": {
      "counts": {
        "tokens": 37112,
        "chars": 190771
      },
      "word_profile": {
        "target_distance": 13,
        "target_observed": 0.007682147766786167,
        "target_rank": 15,
        "peak_lag": 2,
        "peak_value": 0.009404473187819994,
        "null_mean": 0.003134653225154317,
        "null_sd": 0.000268482172165834,
        "null_q025": 0.0026415806355966466,
        "null_q975": 0.0036658670045014692,
        "p_value_ge": 0.0024937655860349127,
        "z_score": 16.937789593057182,
        "false_positive_rate_vs_null_max": 0.0024937655860349127
      },
      "char_profile": {
        "peak_lag": 6,
        "peak_value": 0.03344715259838564,
        "targets": {
          "5": {
            "observed": 0.020629831197951837,
            "null_mean": -9.014298625121195e-06,
            "null_sd": 0.0005992364746479266,
            "null_q025": -0.0012031998453158332,
            "null_q975": 0.0011661951202440596,
            "p_value_ge": 0.0024937655860349127,
            "z_score": 34.44190460652956,
            "rank_in_char_profile": 2
          },
          "6": {
            "observed": 0.03344715259838564,
            "null_mean": 1.1577414258574815e-05,
            "null_sd": 0.0005779216360888463,
            "null_q025": -0.0010245796376115446,
            "null_q975": 0.0012242605584412147,
            "p_value_ge": 0.0024937655860349127,
            "z_score": 57.854859718363045,
            "rank_in_char_profile": 1
          }
        },
        "false_positive_rate_vs_null_max": {
          "5": 0.0024937655860349127,
          "6": 0.0024937655860349127
        }
      }
    }
  }
}