{
  "input_file": "data/takahashi_eva.txt",
  "seed": 42,
  "permutations": 300,
  "target_lags": [
    5,
    6,
    12,
    13
  ],
  "max_char_lag": 60,
  "variants": {
    "alpha_split": {
      "counts": {
        "tokens": 25635,
        "chars": 83509
      },
      "metrics": {
        "char_count": 83509,
        "peak_lag": 4,
        "peak_value": 0.006044228979997748
      },
      "targets": {
        "5": {
          "observed": 0.003662210999310425,
          "null_mean": 1.551942365736368e-05,
          "null_sd": 0.0009475290331424586,
          "null_q025": -0.0017746543005554422,
          "null_q975": 0.00192576723613741,
          "p_value_ge": 0.0033222591362126247,
          "z_score": 3.848633074132717,
          "rank": 2
        },
        "6": {
          "observed": -0.0007197921799441398,
          "null_mean": -6.644149334466322e-06,
          "null_sd": 0.0008770595281434129,
          "null_q025": -0.0017137684442699863,
          "null_q975": 0.0017232338191217472,
          "p_value_ge": 0.7840531561461794,
          "z_score": -0.8131124601305998,
          "rank": 41
        },
        "12": {
          "observed": -0.00013879838235671127,
          "null_mean": -5.7038957866416364e-05,
          "null_sd": 0.0008393436769661471,
          "null_q025": -0.002043058415651333,
          "null_q975": 0.0012384966102777506,
          "p_value_ge": 0.5714285714285714,
          "z_score": -0.0974087572635547,
          "rank": 27
        },
        "13": {
          "observed": -0.0017067083718972503,
          "null_mean": -5.50124822737925e-05,
          "null_sd": 0.0008879725064703625,
          "null_q025": -0.001850427831512097,
          "null_q975": 0.0016946521723204544,
          "p_value_ge": 0.9634551495016611,
          "z_score": -1.8600754838557447,
          "rank": 54
        }
      }
    },
    "alpha_keep_dots": {
      "counts": {
        "tokens": 25635,
        "chars": 83509
      },
      "metrics": {
        "char_count": 83509,
        "peak_lag": 4,
        "peak_value": 0.006044228979997748
      },
      "targets": {
        "5": {
          "observed": 0.003662210999310425,
          "null_mean": 6.082663448957984e-05,
          "null_sd": 0.0009072549035799306,
          "null_q025": -0.0017986052490129717,
          "null_q975": 0.0018898408134510741,
          "p_value_ge": 0.0033222591362126247,
          "z_score": 3.9695397077603753,
          "rank": 2
        },
        "6": {
          "observed": -0.0007197921799441398,
          "null_mean": 3.782531084460916e-05,
          "null_sd": 0.0009938843804174625,
          "null_q025": -0.0019053783265496615,
          "null_q975": 0.0020825023483961452,
          "p_value_ge": 0.770764119601329,
          "z_score": -0.7622793010093648,
          "rank": 41
        },
        "12": {
          "observed": -0.00013879838235671127,
          "null_mean": 4.535993071640751e-05,
          "null_sd": 0.0009663786706685455,
          "null_q025": -0.0017556229389276007,
          "null_q975": 0.0020169676930711644,
          "p_value_ge": 0.6046511627906976,
          "z_score": -0.1905653742809919,
          "rank": 27
        },
        "13": {
          "observed": -0.0017067083718972503,
          "null_mean": -6.060157236992515e-05,
          "null_sd": 0.0010248855716160795,
          "null_q025": -0.0019342641829540597,
          "null_q975": 0.0018862781184735417,
          "p_value_ge": 0.9368770764119602,
          "z_score": -1.6061371582504376,
          "rank": 54
        }
      }
    },
    "alpha_collapse_runs": {
      "counts": {
        "tokens": 25635,
        "chars": 80049
      },
      "metrics": {
        "char_count": 80049,
        "peak_lag": 4,
        "peak_value": 0.014505833607575111
      },
      "targets": {
        "5": {
          "observed": 0.005724454358728648,
          "null_mean": 4.5577740868462066e-05,
          "null_sd": 0.0010068669338600827,
          "null_q025": -0.001958819840461812,
          "null_q975": 0.001964022596198031,
          "p_value_ge": 0.0033222591362126247,
          "z_score": 5.640146107578243,
          "rank": 2
        },
        "6": {
          "observed": -0.003619342125335087,
          "null_mean": -3.1191785023617727e-06,
          "null_sd": 0.0010196964968435668,
          "null_q025": -0.001695376256989345,
          "null_q975": 0.0020401159159676996,
          "p_value_ge": 1.0,
          "z_score": -3.5463718449819246,
          "rank": 56
        },
        "12": {
          "observed": 0.0014971780513033245,
          "null_mean": -1.041635295138112e-05,
          "null_sd": 0.0009227678663375735,
          "null_q025": -0.0016888484114576663,
          "null_q975": 0.0018095335868681256,
          "p_value_ge": 0.053156146179401995,
          "z_score": 1.6337742776396016,
          "rank": 9
        },
        "13": {
          "observed": -0.0021375579331314454,
          "null_mean": 5.387258979988906e-05,
          "null_sd": 0.0010029931770798746,
          "null_q025": -0.001825198494878666,
          "null_q975": 0.001935609141684877,
          "p_value_ge": 0.9933554817275747,
          "z_score": -2.1848907579924814,
          "rank": 51
        }
      }
    },
    "alpha_min_len_2": {
      "counts": {
        "tokens": 18237,
        "chars": 76111
      },
      "metrics": {
        "char_count": 76111,
        "peak_lag": 4,
        "peak_value": 0.01138574017250836
      },
      "targets": {
        "5": {
          "observed": -0.0011085701450318092,
          "null_mean": -4.159338454863687e-05,
          "null_sd": 0.00103821324391954,
          "null_q025": -0.0018443859808397745,
          "null_q975": 0.0020712054311382566,
          "p_value_ge": 0.8571428571428571,
          "z_score": -1.0277048253160808,
          "rank": 40
        },
        "6": {
          "observed": -0.0012255726460111138,
          "null_mean": 2.2615164689002662e-05,
          "null_sd": 0.0009812065376262021,
          "null_q025": -0.0021059353028668043,
          "null_q975": 0.0019279652292927413,
          "p_value_ge": 0.8837209302325582,
          "z_score": -1.2720948779242875,
          "rank": 43
        },
        "12": {
          "observed": -0.0022167493242484793,
          "null_mean": -3.8446499419433805e-05,
          "null_sd": 0.0010105298421113113,
          "null_q025": -0.0019670745584828425,
          "null_q975": 0.001935736253748585,
          "p_value_ge": 0.9900332225913622,
          "z_score": -2.1556046482287874,
          "rank": 53
        },
        "13": {
          "observed": 0.0012405612027534263,
          "null_mean": -4.541214740033934e-05,
          "null_sd": 0.0009969764363451086,
          "null_q025": -0.0019526896054149895,
          "null_q975": 0.0021078638913917536,
          "p_value_ge": 0.10299003322259136,
          "z_score": 1.2898733643777107,
          "rank": 9
        }
      }
    }
  },
  "dispersion_by_lag": {
    "5": {
      "z_min": -1.0277048253160808,
      "z_max": 5.640146107578243,
      "z_range": 6.667850932894323,
      "p_min": 0.0033222591362126247,
      "p_max": 0.8571428571428571,
      "rank_min": 2,
      "rank_max": 40
    },
    "6": {
      "z_min": -3.5463718449819246,
      "z_max": -0.7622793010093648,
      "z_range": 2.7840925439725597,
      "p_min": 0.770764119601329,
      "p_max": 1.0,
      "rank_min": 41,
      "rank_max": 56
    },
    "12": {
      "z_min": -2.1556046482287874,
      "z_max": 1.6337742776396016,
      "z_range": 3.789378925868389,
      "p_min": 0.053156146179401995,
      "p_max": 0.9900332225913622,
      "rank_min": 9,
      "rank_max": 53
    },
    "13": {
      "z_min": -2.1848907579924814,
      "z_max": 1.2898733643777107,
      "z_range": 3.474764122370192,
      "p_min": 0.10299003322259136,
      "p_max": 0.9933554817275747,
      "rank_min": 9,
      "rank_max": 54
    }
  }
}